Document Name,Document ID,Corpus,Total AS Count,Operation C Automatic,Operation C Human,Total Annotations
Reporter_Brasil_03_11,19828,Reporter_Brasil_LREC2026_eval,230,280,1510,1790
Reporter_Brasil_03_12,19831,Reporter_Brasil_LREC2026_eval,228,270,1550,1820
Reporter_Brasil_02_13,19834,Reporter_Brasil_LREC2026_eval,161,420,1305,1725
Reporter_Brasil_02_14,19837,Reporter_Brasil_LREC2026_eval,276,490,2180,2670
Reporter_Brasil_04_01,19840,Reporter_Brasil_LREC2026_eval,320,770,1470,2240
Reporter_Brasil_04_06,19846,Reporter_Brasil_LREC2026_eval,80,95,640,735
Reporter_Brasil_05_01,19849,Reporter_Brasil_LREC2026_eval,113,250,675,925
Reporter_Brasil_05_02,19852,Reporter_Brasil_LREC2026_eval,222,395,1380,1775
Reporter_Brasil_05_03,19855,Reporter_Brasil_LREC2026_eval,139,515,950,1465
Reporter_Brasil_07_02,19858,Reporter_Brasil_LREC2026_eval,253,200,2150,2350
Reporter_Brasil_07_03,19861,Reporter_Brasil_LREC2026_eval,182,85,1515,1600
Reporter_Brasil_07_07,19864,Reporter_Brasil_LREC2026_eval,229,100,1740,1840
